2021-10-18	17:00:01	ORD51-C3	619	10.249.110.7	HEAD	db0jycymls79j.cloudfront.net	/washpost-audio-articles/SRG3CMLDORBSVJDAKY5JDQUZOM/20211012-135043.435/current.mp3/current.mp3_ebb47ef39d897e1e07c7f36e947d3891_5265251.mp3	200	https://www.washingtonpost.com/	Mozilla/5.0%20(iPhone;%20CPU%20iPhone%20OS%209_1%20like%20Mac%20OS%20X)%20AppleWebKit/601.1.46%20(KHTML,%20like%20Gecko)%20Version/9.0%20Mobile/13B143%20Safari/601.1%20(compatible;%20AdsBot-Google-Mobile;%20+http://www.google.com/mobile/adsbot.html)	awCollectionId=%252Flifestyle%252Fhome-garden&awEpisodeId=SRG3CMLDORBSVJDAKY5JDQUZOM&tags=thyo%257Cmagnet-homeyouown&check=source&hash_redirect=1&x-total-bytes=5265251&x-ais-classified=streaming&listeningSessionID=0CD_382_290__169c29ff555160c505ed541a6a543b252e729dca	-	Miss	h5mXzYwbFSVa8NbBCpR0TtFM1-ZeXBwMjBolBgY11DLKu-7Y8Ldg5Q==	redirect.washpostpodcasts.com	https	899	0.081	-	TLSv1.3	TLS_AES_128_GCM_SHA256	Miss	HTTP/1.1	-	-	60444	0.081	Miss	audio/mpeg	5265251	-	-
2021-10-18	17:00:01	SIN52-C3	428	10.128.245.68	HEAD	db0jycymls79j.cloudfront.net	/washpost-audio-articles/TL43MQNUUVHANJPQUETFBIZ3YU/20211006-111609.098/current.mp3/current.mp3_5a43cfe70787717c17e38c33b89e0fee_3440051.mp3	200	https://www.washingtonpost.com/	Mozilla/5.0%20(Linux;%20Android%2011;%20SM-A205F)%20AppleWebKit/537.36%20(KHTML,%20like%20Gecko)%20Chrome/94.0.4606.85%20Mobile%20Safari/537.36	awCollectionId=%252Flifestyle%252Fhome-garden&awEpisodeId=TL43MQNUUVHANJPQUETFBIZ3YU&tags=thyo%257Cmagnet-homeyouown&check=source&hash_redirect=1&x-total-bytes=3440051&x-ais-classified=streaming&listeningSessionID=0CD_382_290__7bdb8ef41aeb76a0ae6c12a10d3e5c799282dd14	-	Hit	gAFxwEPytwBHAtqtXty-USzWYPdPGKtMDdDM4k0xVNf_xhsU9NkuRw==	redirect.washpostpodcasts.com	https	687	0.006	-	TLSv1.3	TLS_AES_128_GCM_SHA256	Hit	HTTP/2.0	-	-	52278	0.006	Hit	audio/mpeg	3440051	-	-
2021-10-18	17:00:02	SFO53-C1	427	7b3d:3527:e227:7eda:c2b4:2097:769c:80dc	HEAD	db0jycymls79j.cloudfront.net	/washpost-audio-articles/VKIZ7MG745DCHP3ZTQ54RLA2O4/20211018-112450.502/current.mp3/current.mp3_015898589f1f31e898abeb92d8a30e92_3475907.mp3	200	https://www.washingtonpost.com/	Mozilla/5.0%20(iPhone;%20CPU%20iPhone%20OS%2014_7_1%20like%20Mac%20OS%20X)%20AppleWebKit/605.1.15%20(KHTML,%20like%20Gecko)%20Version/14.1.2%20Mobile/15E148%20Safari/604.1	awCollectionId=%252Fnational%252Fmorning-mix&awEpisodeId=VKIZ7MG745DCHP3ZTQ54RLA2O4&tags=magnet-coronavirus&check=source&hash_redirect=1&x-total-bytes=3475907&x-ais-classified=streaming&listeningSessionID=0CD_382_290__210e65e02c32b69ee9d75f63d734aa75f6bf575d	-	Hit	0DAepii7v_JvF5vUPKBly1TAsyFAVq_Kays6UKYfKZTGnFW_nSAE2w==	redirect.washpostpodcasts.com	https	478	0.008	-	TLSv1.3	TLS_AES_128_GCM_SHA256	Hit	HTTP/2.0	-	-	62439	0.008	Hit	audio/mpeg	3475907	-	-
2021-10-18	17:00:00	AMS50-C1	427	7b3d:3527:e227:7eda:c2b4:2097:769c:80dc	HEAD	db0jycymls79j.cloudfront.net	/washpost-audio-articles/VKIZ7MG745DCHP3ZTQ54RLA2O4/20211018-112450.502/current.mp3/current.mp3_015898589f1f31e898abeb92d8a30e92_3475907.mp3	200	https://www.washingtonpost.com/	Mozilla/5.0%20(Macintosh;%20Intel%20Mac%20OS%20X%2010_15_6)%20AppleWebKit/605.1.15%20(KHTML,%20like%20Gecko)%20Version/15.0%20Safari/605.1.15	awCollectionId=%252Fnational%252Fmorning-mix&awEpisodeId=VKIZ7MG745DCHP3ZTQ54RLA2O4&tags=magnet-coronavirus&check=source&hash_redirect=1&x-total-bytes=3475907&x-ais-classified=streaming&listeningSessionID=0CD_382_290__d4735d48f7cdf05b057e66074b7a91581ea9aa66	-	Hit	wxANvnsmufaf-d4ukLPXa7SCxP4Fc_vonP-s7Q3Ao4YmNqeWEpLHTg==	redirect.washpostpodcasts.com	https	461	0.016	-	TLSv1.3	TLS_AES_128_GCM_SHA256	Hit	HTTP/2.0	-	-	61322	0.016	Hit	audio/mpeg	3475907	-	-
2021-10-18	17:00:04	IAD89-C1	3150201	172.30.182.228	GET	db0jycymls79j.cloudfront.net	/washpost-production/5bda0d64e4b02752889d6aaf/20211015/6169ec274cedfd00097fcac6/t_1634331762054_name_t_1634331326915_name_PostReports_2021_10_15_v2_output.mp3/t_1634331762054_name_t_1634331326915_name_PostReports_2021_10_15_v2_output.mp3_6c2e055df6c6d236c7d44e5f73a26f14_20885072.mp3	206	-	Spotify/8.6.70.1102%20Android/30%20(SM-N976V)	awCollectionId=5bda0d64e4b02752889d6aaf&awEpisodeId=6169ec274cedfd00097fcac6&hash_redirect=1&x-total-bytes=20885072&x-ais-classified=download&x-access-range=0-3145727&listeningSessionID=0CD_382_290__b3d52412ee9726e87c88116a7182e2a65ef2943e	-	Miss	HAM_U9UnKORCKnJUePOrD2EhJBkF21m8Msm7IkaUZt-2iCQyiv8D9Q==	redirect.washpostpodcasts.com	https	471	1.099	-	TLSv1.3	TLS_AES_128_GCM_SHA256	Miss	HTTP/2.0	-	-	52058	0.101	Miss	audio/mpeg	3145728	0	3145727
2021-10-18	17:00:04	IAD89-C1	3149846	172.30.182.228	GET	db0jycymls79j.cloudfront.net	/washpost-production/5bda0d64e4b02752889d6aaf/20211015/6169ec274cedfd00097fcac6/t_1634331762054_name_t_1634331326915_name_PostReports_2021_10_15_v2_output.mp3/t_1634331762054_name_t_1634331326915_name_PostReports_2021_10_15_v2_output.mp3_6c2e055df6c6d236c7d44e5f73a26f14_20885072.mp3	206	-	Spotify/8.6.70.1102%20Android/30%20(SM-N976V)	awCollectionId=5bda0d64e4b02752889d6aaf&awEpisodeId=6169ec274cedfd00097fcac6&hash_redirect=1&x-total-bytes=20885072&x-ais-classified=download&x-access-range=0-3145727&listeningSessionID=0CD_382_290__b3d52412ee9726e87c88116a7182e2a65ef2943e	-	Miss	i8U9jT80Nky7-OnFilzDTbV2LGu8cWzDf-9U-gJwC_2-tZjWjPKmoA==	redirect.washpostpodcasts.com	https	406	0.795	-	TLSv1.3	TLS_AES_128_GCM_SHA256	Miss	HTTP/2.0	-	-	52058	0.307	Miss	audio/mpeg	3145728	3145728	6291455
2021-10-18	17:00:04	IAD89-C1	618	172.26.67.253	HEAD	db0jycymls79j.cloudfront.net	/washpost-audio-articles/6OKTENLCAFCTPPMG4EF3PMXFGQ/20211018-103369.695/current.mp3/current.mp3_24aff813d3c81dd9afb1c45caa61ca31_6119315.mp3	200	https://www.washingtonpost.com/	Mozilla/5.0%20(Windows%20NT%2010.0;%20Win64;%20x64)%20AppleWebKit/537.36%20(KHTML,%20like%20Gecko)%20Chrome/94.0.4606.71%20Safari/537.36%20Edg/94.0.992.38	awCollectionId=%252Flifestyle%252Finspired-life&awEpisodeId=6OKTENLCAFCTPPMG4EF3PMXFGQ&tags=collections-inspired-life-civil-war&check=source&hash_redirect=1&x-total-bytes=6119315&x-ais-classified=streaming&listeningSessionID=0CD_382_290__ae0698042914025ce2830954d0b611d4943e2e58	-	Miss	7KqZGQV3K6EXTjxSGNN3XuY_qMqWsuQYiuvXA2zSdWfGpeC84KhghQ==	redirect.washpostpodcasts.com	https	980	0.114	-	TLSv1.2	ECDHE-RSA-AES128-GCM-SHA256	Miss	HTTP/1.1	-	-	12784	0.114	Miss	audio/mpeg	6119315	-	-
2021-10-18	17:00:00	IAD89-C1	426	172.27.5.68	HEAD	db0jycymls79j.cloudfront.net	/washpost-audio-articles/TJTTZPQX4BECHOYERSXYE6F4IQ/20211018-115848.483/current.mp3/current.mp3_f3d7f9307a12894e0fd78b4e93527e12_6634691.mp3	200	https://www.washingtonpost.com/	Mozilla/5.0%20(Windows%20NT%2010.0;%20Win64;%20x64)%20AppleWebKit/537.36%20(KHTML,%20like%20Gecko)%20Chrome/94.0.4606.81%20Safari/537.36	awCollectionId=%252Ftechnology%252Fconsumer-tech%252Ftech-your-life&awEpisodeId=TJTTZPQX4BECHOYERSXYE6F4IQ&tags=collections-lifehelpdesk&check=source&hash_redirect=1&x-total-bytes=6634691&x-ais-classified=streaming&listeningSessionID=0CD_382_290__0c4091d09e2167de0ab3c3b6f13057fc7d6a4e32	-	Hit	ck8hrZlJrFImGPxlxeA-NtAACjUbcC3911HoyBJta6oMdDm9VjQjFg==	redirect.washpostpodcasts.com	https	675	0.002	-	TLSv1.3	TLS_AES_128_GCM_SHA256	Hit	HTTP/2.0	-	-	63833	0.002	Hit	audio/mpeg	6634691	-	-
2021-10-18	17:00:03	SFO53-C1	427	7b3d:3527:e227:7eda:c2b4:2097:769c:80dc	HEAD	db0jycymls79j.cloudfront.net	/washpost-audio-articles/2NLQSH2RT5GGBAQ2VKB4KDFQRU/20211018-113970.707/current.mp3/current.mp3_6c1de8a313549dc405abf264f9d37b1e_2347091.mp3	200	https://www.washingtonpost.com/	Mozilla/5.0%20(iPhone;%20CPU%20iPhone%20OS%2014_8%20like%20Mac%20OS%20X)%20WebKit/8611%20(KHTML,%20like%20Gecko)%20Mobile/18H17%20%5BFBAN/FBIOS;FBDV/iPhone13,4;FBMD/iPhone;FBSN/iOS;FBSV/14.8;FBSS/3;FBID/phone;FBLC/en_US;FBOP/5%5D	awCollectionId=%252Fnational%252Fmorning-mix&awEpisodeId=2NLQSH2RT5GGBAQ2VKB4KDFQRU&tags=magnet-coronavirus&check=source&hash_redirect=1&x-total-bytes=2347091&x-ais-classified=download&listeningSessionID=0CD_382_290__65c717ca60a7328acc56469d97ef17580c167a59	-	Hit	GFalILrVU1Eitw_Y2MCHWyUHA9aZc2VPR8RBRwDUI4woaALzFNK_VA==	redirect.washpostpodcasts.com	https	530	0.024	-	TLSv1.3	TLS_AES_128_GCM_SHA256	Hit	HTTP/2.0	-	-	64273	0.024	Hit	audio/mpeg	2347091	-	-
2021-10-18	17:00:04	ORD51-C3	426	172.29.160.42	HEAD	db0jycymls79j.cloudfront.net	/washpost-audio-articles/2NLQSH2RT5GGBAQ2VKB4KDFQRU/20211018-113970.707/current.mp3/current.mp3_6c1de8a313549dc405abf264f9d37b1e_2347091.mp3	200	https://www.washingtonpost.com/	Mozilla/5.0%20(Macintosh;%20Intel%20Mac%20OS%20X%2010_15_7)%20AppleWebKit/537.36%20(KHTML,%20like%20Gecko)%20Chrome/94.0.4606.81%20Safari/537.36	awCollectionId=%252Fnational%252Fmorning-mix&awEpisodeId=2NLQSH2RT5GGBAQ2VKB4KDFQRU&tags=magnet-coronavirus&check=source&hash_redirect=1&x-total-bytes=2347091&x-ais-classified=streaming&listeningSessionID=0CD_382_290__df6d5c755b4855147429a5f10378195ebc8c1210	-	Hit	GO_8cIle4KUqWdMJRo1oB3XbWZR3_cd0sPj2MeD7naKpED2ZolHyVg==	redirect.washpostpodcasts.com	https	320	0.002	-	TLSv1.3	TLS_AES_128_GCM_SHA256	Hit	HTTP/2.0	-	-	63008	0.002	Hit	audio/mpeg	2347091	-	-
2021-10-18	17:00:01	IAD79-C1	416	172.28.93.52	GET	db0jycymls79j.cloudfront.net	/washpost-production/5bda0d64e4b02752889d6aaf/20211015/6169ec274cedfd00097fcac6/t_1634331762054_name_t_1634331326915_name_PostReports_2021_10_15_v2_output.mp3/t_1634331762054_name_t_1634331326915_name_PostReports_2021_10_15_v2_output.mp3_b42e2a05c213a9e0119050a4dc277f36_21000846.mp3	206	-	AppleCoreMedia/1.0.0.18F72%20(iPhone;%20U;%20CPU%20OS%2014_6%20like%20Mac%20OS%20X;%20en_us)	awCollectionId=5bda0d64e4b02752889d6aaf&awEpisodeId=6169ec274cedfd00097fcac6&hash_redirect=1&x-total-bytes=21000846&x-ais-classified=streaming&x-access-range=0-1048575&listeningSessionID=0CD_382_290__f9df18f8bd5f09581c78837eef23327d457cea98	-	Hit	wkIrSLDTDJGhurJYRIjZ8yrJvTfJvrLMX9uxQI6Qds0DY6KM3o_XCA==	redirect.washpostpodcasts.com	https	540	0.006	-	TLSv1.3	TLS_AES_128_GCM_SHA256	Hit	HTTP/2.0	-	-	65016	0.006	Hit	audio/mpeg	2	0	1
2021-10-18	17:00:01	IAD79-C1	1117265	172.28.93.52	GET	db0jycymls79j.cloudfront.net	/washpost-production/5bda0d64e4b02752889d6aaf/20211015/6169ec274cedfd00097fcac6/t_1634331762054_name_t_1634331326915_name_PostReports_2021_10_15_v2_output.mp3/t_1634331762054_name_t_1634331326915_name_PostReports_2021_10_15_v2_output.mp3_b42e2a05c213a9e0119050a4dc277f36_21000846.mp3	206	-	AppleCoreMedia/1.0.0.18F72%20(iPhone;%20U;%20CPU%20OS%2014_6%20like%20Mac%20OS%20X;%20en_us)	awCollectionId=5bda0d64e4b02752889d6aaf&awEpisodeId=6169ec274cedfd00097fcac6&hash_redirect=1&x-total-bytes=21000846&x-ais-classified=streaming&x-access-range=0-1048575&listeningSessionID=0CD_382_290__f9df18f8bd5f09581c78837eef23327d457cea98	-	Error	bTBzl_YDorWYBfwx3FuUL3Myon8WuHzTupv22SgGrmgiasjwR3A4oQ==	redirect.washpostpodcasts.com	https	404	0.158	-	TLSv1.3	TLS_AES_128_GCM_SHA256	Hit	HTTP/2.0	-	-	65016	0.035	ClientCommError	audio/mpeg	21000846	0	21000845
2021-10-18	17:00:03	SIN52-C3	427	172.28.122.165	HEAD	db0jycymls79j.cloudfront.net	/washpost-audio-articles/TL43MQNUUVHANJPQUETFBIZ3YU/20211006-111609.098/current.mp3/current.mp3_5a43cfe70787717c17e38c33b89e0fee_3440051.mp3	200	https://www.washingtonpost.com/	Mozilla/5.0%20(Linux;%20Android%208.0.0;%20SM-G935F)%20AppleWebKit/537.36%20(KHTML,%20like%20Gecko)%20Chrome/94.0.4606.85%20Mobile%20Safari/537.36	awCollectionId=%252Flifestyle%252Fhome-garden&awEpisodeId=TL43MQNUUVHANJPQUETFBIZ3YU&tags=thyo%257Cmagnet-homeyouown&check=source&hash_redirect=1&x-total-bytes=3440051&x-ais-classified=streaming&listeningSessionID=0CD_382_290__52698f4e6d6f79984c074c070649ffdb2d8ac36b	-	Hit	61BN_LaOjzqBfW3Vs1VklIvqxafnJv2ms6xTUAhqeTmG7yAMQgPaUA==	redirect.washpostpodcasts.com	https	698	0.011	-	TLSv1.3	TLS_AES_128_GCM_SHA256	Hit	HTTP/2.0	-	-	33808	0.011	Hit	audio/mpeg	3440051	-	-
2021-10-18	17:00:02	IAD79-C1	429	7b3d:3527:e227:7eda:c2b4:2097:769c:80dc	HEAD	db0jycymls79j.cloudfront.net	/washpost-audio-articles/2MKL4SS4NFCXDOGIQGTHSR5PXY/20211018-125035.350/current.mp3/current.mp3_f7a2d1793a4f0ec4f169350a4c8f1b57_4938659.mp3	200	https://www.washingtonpost.com/	Mozilla/5.0%20(iPhone;%20CPU%20iPhone%20OS%2014_7_1%20like%20Mac%20OS%20X)%20AppleWebKit/605.1.15%20(KHTML,%20like%20Gecko)%20Version/14.1.2%20Mobile/15E148%20Safari/604.1	awCollectionId=%252Ftransportation&awEpisodeId=2MKL4SS4NFCXDOGIQGTHSR5PXY&check=source&hash_redirect=1&x-total-bytes=4938659&x-ais-classified=streaming&listeningSessionID=0CD_382_290__022302f6de23890bda8e289849480dc14962b2b6	-	Hit	EvIEOPz4SdmrycG-vVG6TTQCYOsNRfWF7ODMCrzkCS8JX9gd-oFEnQ==	redirect.washpostpodcasts.com	https	456	0.001	-	TLSv1.3	TLS_AES_128_GCM_SHA256	Hit	HTTP/2.0	-	-	49489	0.001	Hit	audio/mpeg	4938659	-	-
2021-10-18	17:00:00	DEN52-C1	428	172.23.45.46	HEAD	db0jycymls79j.cloudfront.net	/washpost-audio-articles/B3Q7GNXSSRGJRAGB32CZB7NFDU/20211015-185219.198/current.mp3/current.mp3_c36a6a982ddb7aff60c40425202d8fb2_5038883.mp3	200	https://www.washingtonpost.com/	Mozilla/5.0%20(Macintosh;%20Intel%20Mac%20OS%20X%2010_15_7)%20AppleWebKit/537.36%20(KHTML,%20like%20Gecko)%20Chrome/94.0.4606.81%20Safari/537.36	awCollectionId=%252Ftransportation&awEpisodeId=B3Q7GNXSSRGJRAGB32CZB7NFDU&check=source&hash_redirect=1&x-total-bytes=5038883&x-ais-classified=streaming&listeningSessionID=0CD_382_290__80ef5ad88214dcaffa5a6eb841aa8a07954a394a	-	Hit	-cwYb9NofyjOl7fNzal3U_xhKRtJACMNE6eGoIP6n7F1PYxOC-HXwg==	redirect.washpostpodcasts.com	https	627	0.002	-	TLSv1.3	TLS_AES_128_GCM_SHA256	Hit	HTTP/2.0	-	-	51387	0.002	Hit	audio/mpeg	5038883	-	-
2021-10-18	17:00:05	IAD89-C1	425	172.25.125.187	HEAD	db0jycymls79j.cloudfront.net	/washpost-audio-articles/VKIZ7MG745DCHP3ZTQ54RLA2O4/20211018-112450.502/current.mp3/current.mp3_015898589f1f31e898abeb92d8a30e92_3475907.mp3	200	https://www.washingtonpost.com/	Mozilla/5.0%20(Windows%20NT%2010.0;%20Win64;%20x64)%20AppleWebKit/537.36%20(KHTML,%20like%20Gecko)%20Chrome/84.0.4147.135%20Safari/537.36	awCollectionId=%252Fnational%252Fmorning-mix&awEpisodeId=VKIZ7MG745DCHP3ZTQ54RLA2O4&tags=magnet-coronavirus&check=source&hash_redirect=1&x-total-bytes=3475907&x-ais-classified=streaming&listeningSessionID=0CD_382_290__73e7f0ba00489cff627ddf8feb7b29c7d6297e9d	-	Hit	6C8aSGX966-uzuukDGw_lshtmqbZHRd5bulF8Lir_pNuai_PeaoJog==	redirect.washpostpodcasts.com	https	542	0.001	-	TLSv1.3	TLS_AES_128_GCM_SHA256	Hit	HTTP/2.0	-	-	41137	0.001	Hit	audio/mpeg	3475907	-	-
2021-10-18	17:00:01	EWR53-P1	14964	7b3d:3527:e227:7eda:c2b4:2097:769c:80dc	GET	db0jycymls79j.cloudfront.net	/washpost-production/5bda0d64e4b02752889d6aaf/20211015/6169ec274cedfd00097fcac6/t_1634331762054_name_t_1634331326915_name_PostReports_2021_10_15_v2_output.mp3/t_1634331762054_name_t_1634331326915_name_PostReports_2021_10_15_v2_output.mp3_9749bf6324d7fa140597ab07ed82ec70_20773058.mp3	206	-	Spotify/8.6.68%20iOS/15.0.1%20(iPhone12,5)	awCollectionId=5bda0d64e4b02752889d6aaf&awEpisodeId=6169ec274cedfd00097fcac6&hash_redirect=1&x-total-bytes=20773058&x-ais-classified=download&x-access-range=14680064-20971519&listeningSessionID=0CD_382_290__673d8b6a11708d27289b7a6d259153ab8028fe7e	-	Hit	H5eWOnbzFG8j_54iU66xOSIAhFCRC-I2RIHwLr4eQF3trtfWwmQQfw==	redirect.washpostpodcasts.com	https	398	0.017	-	TLSv1.3	TLS_AES_128_GCM_SHA256	Hit	HTTP/2.0	-	-	55543	0.011	Hit	audio/mpeg	14530	20758528	20773057
2021-10-18	17:00:04	MIA3-C3	425	172.31.92.94	HEAD	db0jycymls79j.cloudfront.net	/washpost-audio-articles/USUOTI6J35ANRPO34FHPKRQFZQ/20211018-113058.587/current.mp3/current.mp3_7d81147031ab4a0d028a042321cb7c0f_4738643.mp3	200	https://www.washingtonpost.com/	Mozilla/5.0%20(iPhone;%20CPU%20iPhone%20OS%2014_8%20like%20Mac%20OS%20X)%20AppleWebKit/605.1.15%20(KHTML,%20like%20Gecko)%20Version/14.1.2%20Mobile/15E148%20Safari/604.1	awCollectionId=%252Fsports%252Fnfl&awEpisodeId=USUOTI6J35ANRPO34FHPKRQFZQ&check=source&hash_redirect=1&x-total-bytes=4738643&x-ais-classified=streaming&listeningSessionID=0CD_382_290__99cbc9aa981f1bc826ef6259b20ee1ebc04b2dec	-	Hit	facG4Q1YTqaibg8dcue9T5d2yd9kzFzFzb0qZkUyAoKLCI-SW3beuQ==	redirect.washpostpodcasts.com	https	453	0.003	-	TLSv1.3	TLS_AES_128_GCM_SHA256	Hit	HTTP/2.0	-	-	59107	0.003	Hit	audio/mpeg	4738643	-	-
2021-10-18	17:00:02	IAD79-C1	419	172.16.1.105	HEAD	db0jycymls79j.cloudfront.net	/washpost-audio-articles/3BTK3AXHDJFIFFLEHAOT3XJAT4/20211018-125462.628/current.mp3/current.mp3_bca3a834bd7be0b900420a8bcf3033f0_2295251.mp3	200	https://www.washingtonpost.com/	Mozilla/5.0%20(Windows%20NT%2010.0;%20Win64;%20x64)%20AppleWebKit/537.36%20(KHTML,%20like%20Gecko)%20Chrome/92.0.4515.131%20Safari/537.36	awCollectionId=%252Fbusiness&awEpisodeId=3BTK3AXHDJFIFFLEHAOT3XJAT4&check=source&hash_redirect=1&x-total-bytes=2295251&x-ais-classified=streaming&listeningSessionID=0CD_382_290__296ecac2e702d6bb243ecd1fabad6d3649c39275	-	Miss	qrq5O_dEsTELY1N-vdglI1Tu1M1b1oXo7Clr2szpV1snuSvbRC4Y-A==	redirect.washpostpodcasts.com	https	595	0.238	-	TLSv1.3	TLS_AES_128_GCM_SHA256	Miss	HTTP/2.0	-	-	20861	0.238	Miss	audio/mpeg	2295251	-	-
2021-10-18	17:00:01	IAD79-C1	5158151	172.16.60.182	GET	db0jycymls79j.cloudfront.net	/washpost-production/5bda0d64e4b02752889d6aaf/20211015/6169ec274cedfd00097fcac6/t_1634331762054_name_t_1634331326915_name_PostReports_2021_10_15_v2_output.mp3/t_1634331762054_name_t_1634331326915_name_PostReports_2021_10_15_v2_output.mp3_e8802750f6658ef7e650ad6e97be3530_20664388.mp3	206	https://www.washingtonpost.com/	Mozilla/5.0%20(X11;%20Linux%20x86_64)%20AppleWebKit/537.36%20(KHTML,%20like%20Gecko)%20Chrome/94.0.4606.81%20Safari/537.36	awCollectionId=5bda0d64e4b02752889d6aaf&awEpisodeId=6169ec274cedfd00097fcac6&hash_redirect=1&x-total-bytes=20664388&x-ais-classified=streaming&x-access-range=0-&listeningSessionID=0CD_382_290__b8572ca98fa69b2ea9971f72519c04b9a1f8cec3	-	Error	Fm2AKlg2h0OvyGwv2PmZ48FHhuO8XAwvAINQJb-66uHvRSjL6iqRNg==	redirect.washpostpodcasts.com	https	583	0.131	-	TLSv1.3	TLS_AES_128_GCM_SHA256	Hit	HTTP/2.0	-	-	44031	0.008	ClientCommError	audio/mpeg	7663916	13000472	20664387
2021-10-18	17:00:03	EWR53-P1	420	7b3d:3527:e227:7eda:c2b4:2097:769c:80dc	HEAD	db0jycymls79j.cloudfront.net	/washpost-audio-articles/PKHBUIJP2NFU5C4GYFBQCYJJDM/20211016-113846.465/current.mp3/current.mp3_ba21b155b110b79feb280809422474be_3893651.mp3	200	https://www.washingtonpost.com/	Mozilla/5.0%20(iPhone;%20CPU%20iPhone%20OS%2014_7_1%20like%20Mac%20OS%20X)%20AppleWebKit/605.1.15%20(KHTML,%20like%20Gecko)%20Version/14.1.2%20Mobile/15E148%20Snapchat/11.47.0.35%20(like%20Safari/604.1,%20panda)	awCollectionId=%252Fbusiness&awEpisodeId=PKHBUIJP2NFU5C4GYFBQCYJJDM&check=source&hash_redirect=1&x-total-bytes=3893651&x-ais-classified=streaming&listeningSessionID=0CD_382_290__ab091a3baa89335a06d3d0acfd6463cbe01bd38f	-	Miss	U8NDG7xLhOFLpQTitfS-hE07VB3FstCD3kuoqT_oMlQImnG0mDGBmQ==	redirect.washpostpodcasts.com	https	479	0.117	-	TLSv1.3	TLS_AES_128_GCM_SHA256	Miss	HTTP/2.0	-	-	58811	0.117	Miss	audio/mpeg	3893651	-	-
2021-10-18	17:00:00	IAH50-C2	426	7b3d:3527:e227:7eda:c2b4:2097:769c:80dc	HEAD	db0jycymls79j.cloudfront.net	/washpost-audio-articles/UV7ALWLDFBFC5JXMSJNAQEGEDA/20211016-192691.918/current.mp3/current.mp3_e86d4926c501044fba5ac23c638dceaa_7928531.mp3	200	https://www.washingtonpost.com/	Mozilla/5.0%20(Linux;%20Android%2010;%20SM-N960U)%20AppleWebKit/537.36%20(KHTML,%20like%20Gecko)%20Chrome/94.0.4606.85%20Mobile%20Safari/537.36	awCollectionId=%252Fsports%252Folympics&awEpisodeId=UV7ALWLDFBFC5JXMSJNAQEGEDA&tags=magnet-olympics2021&check=source&hash_redirect=1&x-total-bytes=7928531&x-ais-classified=streaming&listeningSessionID=0CD_382_290__44075d5c1e8a44230584b40bf7f36476b502f3e0	-	Hit	xEGqj6EnoywVipyikZWS_37rHtFgq6ihs7xo6w-Jxae1PXB064oktQ==	redirect.washpostpodcasts.com	https	318	0.034	-	TLSv1.3	TLS_AES_128_GCM_SHA256	Hit	HTTP/2.0	-	-	38394	0.034	Hit	audio/mpeg	7928531	-	-
2021-10-18	17:00:01	YUL62-C2	419	7b3d:3527:e227:7eda:c2b4:2097:769c:80dc	HEAD	db0jycymls79j.cloudfront.net	/washpost-audio-articles/VKIZ7MG745DCHP3ZTQ54RLA2O4/20211018-112450.502/current.mp3/current.mp3_015898589f1f31e898abeb92d8a30e92_3475907.mp3	200	https://www.washingtonpost.com/	Mozilla/5.0%20(Linux;%20Android%2011;%20SM-G973W%20Build/RP1A.200720.012;%20wv)%20AppleWebKit/537.36%20(KHTML,%20like%20Gecko)%20Version/4.0%20Chrome/94.0.4606.85%20Mobile%20Safari/537.36%20EdgW/1.0	awCollectionId=%252Fnational%252Fmorning-mix&awEpisodeId=VKIZ7MG745DCHP3ZTQ54RLA2O4&tags=magnet-coronavirus&check=source&hash_redirect=1&x-total-bytes=3475907&x-ais-classified=streaming&listeningSessionID=0CD_382_290__39a84461f4c96f631e9079fa408433f582bf1efd	-	Miss	Wi1Meizsoc1_Kfn2WM-_yPtP6kMRqnwN_XbuWeUKxg39FYR_HwEd5g==	redirect.washpostpodcasts.com	https	613	0.244	-	TLSv1.3	TLS_AES_128_GCM_SHA256	Miss	HTTP/2.0	-	-	48318	0.244	Miss	audio/mpeg	3475907	-	-
2021-10-18	17:00:00	DFW3-C1	443	172.16.200.179	HEAD	db0jycymls79j.cloudfront.net	/washpost-audio-articles/WVOYTGHHFVGLTOBHVX3TXVIHQI/20211011-121115.159/current.mp3/current.mp3_b2b8d6f768b6f21269bf0d9770734f2b_5127011.mp3	200	https://www.washingtonpost.com/	Mozilla/5.0%20(Windows%20NT%2010.0;%20Win64;%20x64)%20AppleWebKit/537.36%20(KHTML,%20like%20Gecko)%20Chrome/88.0.4324.104%20Safari/537.36	awCollectionId=%252Fbusiness%252Feconomy&awEpisodeId=WVOYTGHHFVGLTOBHVX3TXVIHQI&check=source&hash_redirect=1&x-total-bytes=5127011&x-ais-classified=streaming&listeningSessionID=0CD_382_290__89a11b930b54aa2eca1ad118761186d1281e30c3	-	Miss	eqjFMT8ZOLJ9x4AXMCX6MSjQnMxcKp1YeXu7kctFpDhU2wlAdSteTw==	redirect.washpostpodcasts.com	https	604	0.193	-	TLSv1.3	TLS_AES_128_GCM_SHA256	Miss	HTTP/2.0	-	-	58378	0.193	Miss	audio/mpeg	5127011	-	-
2021-10-18	17:00:03	DFW3-C1	452	7b3d:3527:e227:7eda:c2b4:2097:769c:80dc	HEAD	db0jycymls79j.cloudfront.net	/washpost-audio-articles/RNQGBPHCRJGV7KBG3VJTSZUVCI/20211014-180496.967/current.mp3/current.mp3_5bb83cf7c44779903ec595d80ae4de4c_3297491.mp3	200	https://www.washingtonpost.com/	Mozilla/5.0%20(Linux;%20Android%209;%20SM-A102U)%20AppleWebKit/537.36%20(KHTML,%20like%20Gecko)%20Chrome/90.0.4430.210%20Mobile%20Safari/537.36	awCollectionId=%252Fscience%252Fanimals&awEpisodeId=RNQGBPHCRJGV7KBG3VJTSZUVCI&check=source&hash_redirect=1&x-total-bytes=3297491&x-ais-classified=streaming&listeningSessionID=0CD_382_290__1cda294a0f4ac92bed4354103992724e47605221	-	Hit	jSv0RLy7RLToU1zCDog4-TqvgRUyL8Ys6Pf0LwDTuqw5pE6jYMZM5g==	redirect.washpostpodcasts.com	https	607	0.025	-	TLSv1.3	TLS_AES_128_GCM_SHA256	Hit	HTTP/2.0	-	-	36454	0.025	Hit	audio/mpeg	3297491	-	-
2021-10-18	17:00:00	EWR52-C1	17731953	172.30.66.165	GET	db0jycymls79j.cloudfront.net	/washpost-production/5dd6aad3d60180000839c4e3/20210805/610b5c3ec9e77c0008e35c5f/t_1628134532536_name_t_1628134365862_name_08_05_2021_mixdown_lufs_output.mp3/t_1628134532536_name_t_1628134365862_name_08_05_2021_mixdown_lufs_output.mp3_8d7acad0b580787f5319807c340548ad_17711927.mp3	200	-	Podcasts/1575.2.2%20CFNetwork/1240.0.4%20Darwin/20.6.0	awCollectionId=5dd6aad3d60180000839c4e3&awEpisodeId=610b5c3ec9e77c0008e35c5f&hash_redirect=1&x-total-bytes=17711927&x-ais-classified=download&listeningSessionID=0CD_382_290__ac17d81f472ffb8a801bad8e10761f2dc6d9a5cc	-	Miss	zVQ_AqNqdJ6hgQ2XFDvMZGr0yOXR9hqTTHCvMpmbXq1WjgE2Ucr5PQ==	redirect.washpostpodcasts.com	https	370	113.098	-	TLSv1.3	TLS_AES_128_GCM_SHA256	Miss	HTTP/2.0	-	-	49441	1.142	Miss	audio/mpeg	17711927	-	-
2021-10-18	17:00:01	EWR52-C1	20978155	172.30.66.165	GET	db0jycymls79j.cloudfront.net	/washpost-production/5dd6aad3d60180000839c4e3/20210617/60cab0b44cedfd0008158c69/t_1623896317953_name_t_1623896223575_name_2021_06_17_WAPO_JUEVES_02_output.mp3/t_1623896317953_name_t_1623896223575_name_2021_06_17_WAPO_JUEVES_02_output.mp3_9c9c459a7f08c7eaabd848dbfb4e572b_20954035.mp3	200	-	Podcasts/1575.2.2%20CFNetwork/1240.0.4%20Darwin/20.6.0	awCollectionId=5dd6aad3d60180000839c4e3&awEpisodeId=60cab0b44cedfd0008158c69&hash_redirect=1&x-total-bytes=20954035&x-ais-classified=download&listeningSessionID=0CD_382_290__e19f1f19721048a2e183346304f0d1d083f36195	-	Miss	kJos4DJAaEPf6BzTn6Yq1xMVJd_Yy-KxUpkQihvHoXNMxIplZC0C9Q==	redirect.washpostpodcasts.com	https	376	114.639	-	TLSv1.3	TLS_AES_128_GCM_SHA256	Miss	HTTP/2.0	-	-	49441	1.142	Miss	audio/mpeg	20954035	-	-
2021-10-18	17:00:03	EWR53-P1	420	7b3d:3527:e227:7eda:c2b4:2097:769c:80dc	HEAD	db0jycymls79j.cloudfront.net	/washpost-audio-articles/RNQGBPHCRJGV7KBG3VJTSZUVCI/20211014-180496.967/current.mp3/current.mp3_5bb83cf7c44779903ec595d80ae4de4c_3297491.mp3	200	https://www.washingtonpost.com/science/2021/10/14/alligator-gar-kansas-fisherman/	Mozilla/5.0%20(Linux;%20Android%208.0.0;%20ASUS_A006)%20AppleWebKit/537.36%20(KHTML,%20like%20Gecko)%20Chrome/84.0.4147.89%20Mobile%20Safari/537.36	awCollectionId=%252Fscience%252Fanimals&awEpisodeId=RNQGBPHCRJGV7KBG3VJTSZUVCI&check=source&hash_redirect=1&x-total-bytes=3297491&x-ais-classified=streaming&listeningSessionID=0CD_382_290__fdf4b62c8dd3c43de86860d49bbce5b4a418a439	-	Miss	1-N2DTMN_XVLvKpXkZLwLgmKywj84LyanHCGAHMwiDp1vvGs0eDYnA==	redirect.washpostpodcasts.com	https	565	0.284	-	TLSv1.3	TLS_AES_128_GCM_SHA256	Miss	HTTP/2.0	-	-	39179	0.284	Miss	audio/mpeg	3297491	-	-
2021-10-18	17:00:00	IAD79-C1	422	172.20.76.16	HEAD	db0jycymls79j.cloudfront.net	/washpost-audio-articles/BTBWHKR2JJDMRGD35URMJ6VIJM/20211013-090627.276/current.mp3/current.mp3_53e6c9d689cc856cdb2492e53ef540e8_5343443.mp3	200	https://www.washingtonpost.com/	Mozilla/5.0%20(Macintosh;%20Intel%20Mac%20OS%20X%2010_14_6)%20AppleWebKit/537.36%20(KHTML,%20like%20Gecko)%20Chrome/94.0.4606.61%20Safari/537.36	awCollectionId=%252Flifestyle%252Fhome-garden&awEpisodeId=BTBWHKR2JJDMRGD35URMJ6VIJM&tags=thyo%257Cmagnet-homeyouown%257Chghero%257Cho-newsletterlede&check=source&hash_redirect=1&x-total-bytes=5343443&x-ais-classified=streaming&listeningSessionID=0CD_382_290__6cb815b2fe343ec2bb1bc74ca7af485465f04d55	-	Miss	inZpHTTNMC3zbnNTPpDDnTYG8ulRyPMbObM_QzTQiMwIFMbUz7vbyw==	redirect.washpostpodcasts.com	https	677	0.092	-	TLSv1.3	TLS_AES_128_GCM_SHA256	Miss	HTTP/2.0	-	-	62871	0.092	Miss	audio/mpeg	5343443	-	-
2021-10-18	17:00:00	MSP50-C2	525268	172.22.66.223	GET	db0jycymls79j.cloudfront.net	/washpost-production/58861635e4b039a652877de6/20210617/60cbb6c646e0fb000846fa8b/t_1623963422612_name_t_1623963287388_name_6_17_21_CHDT_ETHICS__FINAL__output.mp3/t_1623963422612_name_t_1623963287388_name_6_17_21_CHDT_ETHICS__FINAL__output.mp3_7e78689d9d50dbfbf6ed9be51c682964_24508778.mp3	200	-	Podcasts/1575.2.2%20CFNetwork/1240.0.4%20Darwin/20.6.0	awCollectionId=58861635e4b039a652877de6&awEpisodeId=60cbb6c646e0fb000846fa8b&hash_redirect=1&x-total-bytes=24508778&x-ais-classified=download&listeningSessionID=0CD_382_290__273b5bd339299407e236e31f60e453fd83f1b7dd	-	Error	_d6MF8nCCGKgpKRPXoA7Bo7MUOFcWgmjUIH3VUPdLRfW9b2GGXDBFw==	redirect.washpostpodcasts.com	https	384	575.598	-	TLSv1.3	TLS_AES_128_GCM_SHA256	Hit	HTTP/2.0	-	-	56851	4.312	ClientCommError	audio/mpeg	24508778	-	-
2021-10-18	17:00:06	IAD89-C1	427	172.21.157.105	HEAD	db0jycymls79j.cloudfront.net	/washpost-audio-articles/2NLQSH2RT5GGBAQ2VKB4KDFQRU/20211018-113970.707/current.mp3/current.mp3_6c1de8a313549dc405abf264f9d37b1e_2347091.mp3	200	https://www.washingtonpost.com/	Mozilla/5.0%20(Windows%20NT%2010.0;%20Win64;%20x64)%20AppleWebKit/537.36%20(KHTML,%20like%20Gecko)%20Chrome/94.0.4606.81%20Safari/537.36	awCollectionId=%252Fnational%252Fmorning-mix&awEpisodeId=2NLQSH2RT5GGBAQ2VKB4KDFQRU&tags=magnet-coronavirus&check=source&hash_redirect=1&x-total-bytes=2347091&x-ais-classified=streaming&listeningSessionID=0CD_382_290__f08e506234df212157d9abff45b0421d9fa03dee	-	Hit	v3WbHXKltDlUp3Ug1RIocrX3Oik8Tf9ii9u8UR21DC_UOrVI6d_wXg==	redirect.washpostpodcasts.com	https	647	0.005	-	TLSv1.3	TLS_AES_128_GCM_SHA256	Hit	HTTP/2.0	-	-	49712	0.005	Hit	audio/mpeg	2347091	-	-
2021-10-18	17:00:03	IAD89-C1	427	172.24.224.189	HEAD	db0jycymls79j.cloudfront.net	/washpost-audio-articles/VKIZ7MG745DCHP3ZTQ54RLA2O4/20211018-112450.502/current.mp3/current.mp3_015898589f1f31e898abeb92d8a30e92_3475907.mp3	200	https://www.washingtonpost.com/	Mozilla/5.0%20(Windows%20NT%2010.0;%20Win64;%20x64)%20AppleWebKit/537.36%20(KHTML,%20like%20Gecko)%20Chrome/84.0.4147.135%20Safari/537.36	awCollectionId=%252Fnational%252Fmorning-mix&awEpisodeId=VKIZ7MG745DCHP3ZTQ54RLA2O4&tags=magnet-coronavirus&check=source&hash_redirect=1&x-total-bytes=3475907&x-ais-classified=streaming&listeningSessionID=0CD_382_290__6cea0036a2599fd0fd8a3c9d0b7114880c622697	-	Hit	bqeBpzeIJ_0V6bpJ6NRbD7onxW2gY1bMDPlZLkxyHyzz-1NuB_SBGA==	redirect.washpostpodcasts.com	https	541	0.002	-	TLSv1.3	TLS_AES_128_GCM_SHA256	Hit	HTTP/2.0	-	-	43585	0.002	Hit	audio/mpeg	3475907	-	-
2021-10-18	17:00:02	JFK51-C1	425	172.24.30.64	HEAD	db0jycymls79j.cloudfront.net	/washpost-audio-articles/2NLQSH2RT5GGBAQ2VKB4KDFQRU/20211018-113970.707/current.mp3/current.mp3_6c1de8a313549dc405abf264f9d37b1e_2347091.mp3	200	https://www.washingtonpost.com/	Mozilla/5.0%20(Windows%20NT%2010.0;%20Win64;%20x64)%20AppleWebKit/537.36%20(KHTML,%20like%20Gecko)%20Chrome/94.0.4606.81%20Safari/537.36	awCollectionId=%252Fnational%252Fmorning-mix&awEpisodeId=2NLQSH2RT5GGBAQ2VKB4KDFQRU&tags=magnet-coronavirus&check=source&hash_redirect=1&x-total-bytes=2347091&x-ais-classified=streaming&listeningSessionID=0CD_382_290__7f012179c809ea5f2b381c096390bf0bef032611	-	Hit	I4j32-PHt0i2uJ7otNIfPs3gOlSGJronpjZ4gicuzmLarUPz2Emc5A==	redirect.washpostpodcasts.com	https	647	0.004	-	TLSv1.3	TLS_AES_128_GCM_SHA256	Hit	HTTP/2.0	-	-	64016	0.004	Hit	audio/mpeg	2347091	-	-
2021-10-18	17:00:02	BOS50-C2	31580952	172.29.183.103	GET	db0jycymls79j.cloudfront.net	/washpost-production/5bda0d64e4b02752889d6aaf/20210916/6143d59846e0fb0008fb52e5/t_1631835669024_name_t_1631835470259_name_America_s_Song_Part_2_FINAL_Post_Reports_output.mp3/t_1631835669024_name_t_1631835470259_name_America_s_Song_Part_2_FINAL_Post_Reports_output.mp3_75360eb8765c8f01e83654003c158a35_31804674.mp3	206	-	Podcasts/1575.2.2%20CFNetwork/1240.0.4%20Darwin/20.6.0	awCollectionId=5bda0d64e4b02752889d6aaf&awEpisodeId=6143d59846e0fb0008fb52e5&hash_redirect=1&x-total-bytes=31804674&x-ais-classified=download&listeningSessionID=0CD_382_290__25741889bfe4351373e2a48076d3c477794aebd3	-	Hit	n3L-zC_NFMbIoqVdbhS7C6iOqWspYJ7UalTWUGujbzG6pU3BncWpMQ==	redirect.washpostpodcasts.com	https	515	12.167	-	TLSv1.3	TLS_AES_128_GCM_SHA256	Hit	HTTP/2.0	-	-	45660	0.018	Hit	audio/mpeg	31544293	260381	31804673
2021-10-18	17:00:09	IAD89-C1	420	172.17.15.137	HEAD	db0jycymls79j.cloudfront.net	/washpost-audio-articles/7U3WJM6U5BBXXKMJV6AJXFWG64/20211016-144814.143/current.mp3/current.mp3_e953ec826a8ab9d34788736f4efc800b_4754195.mp3	200	https://www.washingtonpost.com/	Mozilla/5.0%20(iPhone;%20CPU%20iPhone%20OS%2015_0%20like%20Mac%20OS%20X)%20WebKit/8612%20(KHTML,%20like%20Gecko)%20Mobile/19A344%20%5BFBAN/FBIOS;FBDV/iPhone14,5;FBMD/iPhone;FBSN/iOS;FBSV/15.0;FBSS/3;FBID/phone;FBLC/en_US;FBOP/5%5D	awCollectionId=%252Flocal%252Fretropolis&awEpisodeId=7U3WJM6U5BBXXKMJV6AJXFWG64&tags=collections-retropolismore1&check=source&hash_redirect=1&x-total-bytes=4754195&x-ais-classified=download&listeningSessionID=0CD_382_290__710b9c6faebf39d1dfe9836ff40a1efdc56051a8	-	Miss	GIlKigPQdB8HKBztYeY0xadm-R9Ds72T9pMOrVJAAOjEq8U9DuybvA==	redirect.washpostpodcasts.com	https	535	0.227	-	TLSv1.3	TLS_AES_128_GCM_SHA256	Miss	HTTP/2.0	-	-	50965	0.227	Miss	audio/mpeg	4754195	-	-